year,NTACode,NTAName,Pop_1E,Education Budget,Police Budget,SocServices Budget,Crime Cost Per Capita Actual,Predicted Crime Cost Per Capita,Total Cost,Cost Change over Year,prior_year_cost,tot_budget
2015,BK09,Brooklyn Heights-Cobble Hill,24140,1676,556,738,181,370,3151,NA,184,2970
2016,BK09,Brooklyn Heights-Cobble Hill,24140,1786,564,730,173,366,3253,102,181,3080
2017,BK09,Brooklyn Heights-Cobble Hill,24140,1848,527,715,236,358,3326,73,173,3090
2018,BK09,Brooklyn Heights-Cobble Hill,24140,1639,684,727,217,410,3267,-59,236,3050
2019,BK09,Brooklyn Heights-Cobble Hill,24140,1728,605,762,163,400,3258,-9,217,3095
2015,BK17,Sheepshead Bay-Gerritsen Beach-Manhattan Beach,66293,1752,256,152,315,766,2475,NA,630,2160
2016,BK17,Sheepshead Bay-Gerritsen Beach-Manhattan Beach,66293,1924,260,150,478,516,2812,337,315,2334
2017,BK17,Sheepshead Bay-Gerritsen Beach-Manhattan Beach,66293,1985,242,147,318,645,2692,-120,478,2374
2018,BK17,Sheepshead Bay-Gerritsen Beach-Manhattan Beach,66293,1760,315,150,461,518,2686,-6,318,2225
2019,BK17,Sheepshead Bay-Gerritsen Beach-Manhattan Beach,66293,1856,278,157,287,633,2578,-108,461,2291
2015,BK19,Brighton Beach,34157,1643,235,244,486,797,2608,NA,396,2122
2016,BK19,Brighton Beach,34157,1822,238,241,398,869,2699,91,486,2301
2017,BK19,Brighton Beach,34157,1915,222,236,596,798,2969,270,398,2373
2018,BK19,Brighton Beach,34157,1698,289,240,398,956,2625,-344,596,2227
2019,BK19,Brighton Beach,34157,1790,255,252,288,800,2585,-40,398,2297
2015,BK21,Seagate-Coney Island,29677,4207,647,607,1058,1897,6519,NA,1484,5461
2016,BK21,Seagate-Coney Island,29677,4666,656,600,1110,1557,7032,513,1058,5922
2017,BK21,Seagate-Coney Island,29677,4904,612,588,1069,1596,7173,141,1110,6104
2018,BK21,Seagate-Coney Island,29677,4349,795,598,953,1565,6695,-478,1069,5742
2019,BK21,Seagate-Coney Island,29677,4586,703,626,938,1477,6853,158,953,5915
2015,BK23,West Brighton,15754,1812,275,320,9736,8071,12143,NA,9287,2407
2016,BK23,West Brighton,15754,2009,278,316,8378,8428,10981,-1162,9736,2603
2017,BK23,West Brighton,15754,2111,260,310,11012,7347,13693,2712,8378,2681
2018,BK23,West Brighton,15754,1873,337,315,4055,9443,6580,-7113,11012,2525
2019,BK23,West Brighton,15754,1975,298,330,13630,3912,16233,9653,4055,2603
2015,BK25,Homecrest,44516,2154,181,170,1853,1044,4358,NA,879,2505
2016,BK25,Homecrest,44516,2389,184,168,2069,1818,4810,452,1853,2741
2017,BK25,Homecrest,44516,2509,171,164,1527,1989,4371,-439,2069,2844
2018,BK25,Homecrest,44516,2225,222,167,1729,1558,4343,-28,1527,2614
2019,BK25,Homecrest,44516,2346,197,175,2286,1720,5004,661,1729,2718
2015,BK26,Gravesend,30288,3380,461,230,761,699,4832,NA,397,4071
2016,BK26,Gravesend,30288,3749,467,228,350,988,4794,-38,761,4444
2017,BK26,Gravesend,30288,3939,436,223,322,660,4920,126,350,4598
2018,BK26,Gravesend,30288,3494,566,227,332,639,4619,-301,322,4287
2019,BK26,Gravesend,30288,3684,501,238,354,648,4777,158,332,4423
2015,BK27,Bath Beach,33163,2327,200,105,2021,1372,4653,NA,1299,2632
2016,BK27,Bath Beach,33163,2638,203,104,2008,1946,4953,300,2021,2945
2017,BK27,Bath Beach,33163,2817,189,102,1646,1935,4754,-199,2008,3108
2018,BK27,Bath Beach,33163,2498,245,104,1569,1647,4416,-338,1646,2847
2019,BK27,Bath Beach,33163,2634,217,108,1620,1587,4579,163,1569,2959
2015,BK28,Bensonhurst West,91646,1878,164,104,339,559,2485,NA,385,2146
2016,BK28,Bensonhurst West,91646,2123,167,102,283,521,2675,190,339,2392
2017,BK28,Bensonhurst West,91646,2263,155,100,273,476,2791,116,283,2518
2018,BK28,Bensonhurst West,91646,2007,202,102,226,469,2537,-254,273,2311
2019,BK28,Bensonhurst West,91646,2116,178,107,237,433,2638,101,226,2401
2015,BK29,Bensonhurst East,64267,1832,182,99,385,557,2498,NA,319,2113
2016,BK29,Bensonhurst East,64267,2034,185,98,452,609,2769,271,385,2317
2017,BK29,Bensonhurst East,64267,2140,172,96,392,662,2800,31,452,2408
2018,BK29,Bensonhurst East,64267,1898,224,98,259,615,2479,-321,392,2220
2019,BK29,Bensonhurst East,64267,2001,198,103,251,510,2553,74,259,2302
2015,BK30,Dyker Heights,45877,2451,176,72,157,326,2856,NA,184,2699
2016,BK30,Dyker Heights,45877,2779,178,71,219,304,3247,391,157,3028
2017,BK30,Dyker Heights,45877,2968,166,70,190,353,3394,147,219,3204
2018,BK30,Dyker Heights,45877,2632,216,71,143,330,3062,-332,190,2919
2019,BK30,Dyker Heights,45877,2775,191,74,175,294,3215,153,143,3040
2015,BK31,Bay Ridge,79134,3191,228,142,497,847,4058,NA,715,3561
2016,BK31,Bay Ridge,79134,3617,232,140,1168,673,5157,1099,497,3989
2017,BK31,Bay Ridge,79134,3863,216,138,1119,1206,5336,179,1168,4217
2018,BK31,Bay Ridge,79134,3426,281,140,1123,1167,4970,-366,1119,3847
2019,BK31,Bay Ridge,79134,3613,248,146,548,1172,4555,-415,1123,4007
2015,BK32,Sunset Park West,57377,2946,321,341,1572,1877,5180,NA,1943,3608
2016,BK32,Sunset Park West,57377,3326,326,337,2606,1582,6595,1415,1572,3989
2017,BK32,Sunset Park West,57377,3497,304,330,2938,2402,7069,474,2606,4131
2018,BK32,Sunset Park West,57377,3101,395,336,2358,2667,6190,-879,2938,3832
2019,BK32,Sunset Park West,57377,3270,349,352,1980,2209,5951,-239,2358,3971
2015,BK33,Carroll Gardens-Columbia Street-Red Hook,42463,3394,654,429,1607,1548,6084,NA,1419,4477
2016,BK33,Carroll Gardens-Columbia Street-Red Hook,42463,3826,664,424,844,1697,5758,-326,1607,4914
2017,BK33,Carroll Gardens-Columbia Street-Red Hook,42463,3993,619,415,1273,1088,6300,542,844,5027
2018,BK33,Carroll Gardens-Columbia Street-Red Hook,42463,3541,804,422,1321,1431,6088,-212,1273,4767
2019,BK33,Carroll Gardens-Columbia Street-Red Hook,42463,3734,711,442,1226,1472,6113,25,1321,4887
2015,BK34,Sunset Park East,71850,1294,127,181,492,780,2094,NA,544,1602
2016,BK34,Sunset Park East,71850,1462,129,179,625,738,2395,301,492,1770
2017,BK34,Sunset Park East,71850,1541,120,175,462,843,2298,-97,625,1836
2018,BK34,Sunset Park East,71850,1366,156,178,478,714,2178,-120,462,1700
2019,BK34,Sunset Park East,71850,1441,138,186,332,728,2097,-81,478,1765
2015,BK35,Stuyvesant Heights,67371,2049,571,259,2575,3569,5454,NA,4137,2879
2016,BK35,Stuyvesant Heights,67371,2104,579,256,2733,2326,5672,218,2575,2939
2017,BK35,Stuyvesant Heights,67371,2092,540,251,3054,2452,5937,265,2733,2883
2018,BK35,Stuyvesant Heights,67371,1855,702,255,2773,2708,5585,-352,3054,2812
2019,BK35,Stuyvesant Heights,67371,1956,621,267,2770,2486,5614,29,2773,2844
2015,BK37,Park Slope-Gowanus,73881,1965,343,343,538,840,3189,NA,719,2651
2016,BK37,Park Slope-Gowanus,73881,2183,348,340,397,696,3268,79,538,2871
2017,BK37,Park Slope-Gowanus,73881,2274,325,333,1061,583,3993,725,397,2932
2018,BK37,Park Slope-Gowanus,73881,2016,421,338,532,1112,3307,-686,1061,2775
2019,BK37,Park Slope-Gowanus,73881,2126,373,354,450,693,3303,-4,532,2853
2015,BK38,DUMBO-Vinegar Hill-Downtown Brooklyn-Boerum Hill,42245,2576,835,1132,3614,5712,8157,NA,6530,4543
2016,BK38,DUMBO-Vinegar Hill-Downtown Brooklyn-Boerum Hill,42245,2784,847,1120,6627,3390,11378,3221,3614,4751
2017,BK38,DUMBO-Vinegar Hill-Downtown Brooklyn-Boerum Hill,42245,2886,791,1097,9316,5783,14090,2712,6627,4774
2018,BK38,DUMBO-Vinegar Hill-Downtown Brooklyn-Boerum Hill,42245,2560,1027,1115,4779,7924,9481,-4609,9316,4702
2019,BK38,DUMBO-Vinegar Hill-Downtown Brooklyn-Boerum Hill,42245,2699,908,1168,6207,4324,10982,1501,4779,4775
2015,BK40,Windsor Terrace,22031,2060,231,246,104,362,2641,NA,157,2537
2016,BK40,Windsor Terrace,22031,2322,234,243,123,319,2922,281,104,2799
2017,BK40,Windsor Terrace,22031,2423,218,238,134,334,3013,91,123,2879
2018,BK40,Windsor Terrace,22031,2149,283,242,85,343,2759,-254,134,2674
2019,BK40,Windsor Terrace,22031,2266,251,254,119,306,2890,131,85,2771
2015,BK41,Kensington-Ocean Parkway,37676,1418,134,108,517,508,2177,NA,243,1660
2016,BK41,Kensington-Ocean Parkway,37676,1601,136,107,281,726,2125,-52,517,1844
2017,BK41,Kensington-Ocean Parkway,37676,1693,127,105,173,538,2098,-27,281,1925
2018,BK41,Kensington-Ocean Parkway,37676,1502,165,106,194,452,1967,-131,173,1773
2019,BK41,Kensington-Ocean Parkway,37676,1583,146,111,222,469,2062,95,194,1840
2015,BK42,Flatbush,108653,908,326,155,2084,2551,3473,NA,2633,1389
2016,BK42,Flatbush,108653,987,331,153,1845,2114,3316,-157,2084,1471
2017,BK42,Flatbush,108653,1011,308,150,1454,1923,2923,-393,1845,1469
2018,BK42,Flatbush,108653,897,400,153,1864,1613,3314,391,1454,1450
2019,BK42,Flatbush,108653,946,354,160,1774,1940,3234,-80,1864,1460
2015,BK43,Midwood,53377,1591,498,149,252,522,2490,NA,209,2238
2016,BK43,Midwood,53377,1756,505,147,190,555,2598,108,252,2408
2017,BK43,Midwood,53377,1829,472,144,270,506,2715,117,190,2445
2018,BK43,Midwood,53377,1622,612,147,225,570,2606,-109,270,2381
2019,BK43,Midwood,53377,1710,542,153,348,535,2753,147,225,2405
2015,BK44,Madison,40122,1220,185,106,247,511,1758,NA,271,1511
2016,BK44,Madison,40122,1338,187,105,254,491,1884,126,247,1630
2017,BK44,Madison,40122,1379,175,103,257,496,1914,30,254,1657
2018,BK44,Madison,40122,1223,227,105,431,499,1986,72,257,1555
2019,BK44,Madison,40122,1289,201,110,229,638,1829,-157,431,1600
2015,BK45,Georgetown-Marine Park-Bergen Beach-Mill Basin,47997,2524,213,137,255,402,3129,NA,375,2874
2016,BK45,Georgetown-Marine Park-Bergen Beach-Mill Basin,47997,2769,216,136,380,306,3501,372,255,3121
2017,BK45,Georgetown-Marine Park-Bergen Beach-Mill Basin,47997,2849,201,133,194,405,3377,-124,380,3183
2018,BK45,Georgetown-Marine Park-Bergen Beach-Mill Basin,47997,2526,261,135,193,258,3115,-262,194,2922
2019,BK45,Georgetown-Marine Park-Bergen Beach-Mill Basin,47997,2664,231,142,208,257,3245,130,193,3037
2015,BK46,Ocean Parkway South,21253,2734,251,191,191,355,3367,NA,118,3176
2016,BK46,Ocean Parkway South,21253,3032,255,189,210,412,3686,319,191,3476
2017,BK46,Ocean Parkway South,21253,3187,238,185,201,427,3811,125,210,3610
2018,BK46,Ocean Parkway South,21253,2826,309,188,120,421,3443,-368,201,3323
2019,BK46,Ocean Parkway South,21253,2980,273,197,132,358,3582,139,120,3450
2015,BK50,Canarsie,88367,1980,312,127,777,1224,3196,NA,1110,2419
2016,BK50,Canarsie,88367,2093,316,126,477,959,3012,-184,777,2535
2017,BK50,Canarsie,88367,2123,295,123,433,720,2974,-38,477,2541
2018,BK50,Canarsie,88367,1883,383,125,491,686,2882,-92,433,2391
2019,BK50,Canarsie,88367,1985,339,131,482,733,2937,55,491,2455
2015,BK58,Flatlands,72540,1327,129,131,837,1726,2424,NA,1829,1587
2016,BK58,Flatlands,72540,1451,131,129,995,937,2706,282,837,1711
2017,BK58,Flatlands,72540,1491,122,127,1147,1062,2887,181,995,1740
2018,BK58,Flatlands,72540,1322,159,129,1013,1183,2623,-264,1147,1610
2019,BK58,Flatlands,72540,1394,140,135,1522,1078,3191,568,1013,1669
2015,BK60,Prospect Lefferts Gardens-Wingate,69363,2020,446,327,916,1416,3709,NA,1227,2793
2016,BK60,Prospect Lefferts Gardens-Wingate,69363,2133,453,323,849,1168,3758,49,916,2909
2017,BK60,Prospect Lefferts Gardens-Wingate,69363,2143,422,316,870,1114,3751,-7,849,2881
2018,BK60,Prospect Lefferts Gardens-Wingate,69363,1900,548,322,771,1132,3541,-210,870,2770
2019,BK60,Prospect Lefferts Gardens-Wingate,69363,2004,485,337,794,1056,3620,79,771,2826
2015,BK61,Crown Heights North,107134,2009,571,293,3158,3362,6031,NA,3731,2873
2016,BK61,Crown Heights North,107134,2099,579,290,2794,2906,5762,-269,3158,2968
2017,BK61,Crown Heights North,107134,2101,540,284,2528,2615,5453,-309,2794,2925
2018,BK61,Crown Heights North,107134,1863,701,288,2663,2404,5515,62,2528,2852
2019,BK61,Crown Heights North,107134,1964,620,302,2712,2514,5598,83,2663,2886
2015,BK63,Crown Heights South,41962,2531,392,125,1999,3021,5047,NA,3257,3048
2016,BK63,Crown Heights South,41962,2669,398,123,4332,2020,7522,2475,1999,3190
2017,BK63,Crown Heights South,41962,2679,371,121,2322,3875,5493,-2029,4332,3171
2018,BK63,Crown Heights South,41962,2376,482,123,4022,2276,7003,1510,2322,2981
2019,BK63,Crown Heights South,41962,2505,426,129,3182,3630,6242,-761,4022,3060
2015,BK64,Prospect Heights,20493,1939,487,283,466,651,3175,NA,607,2709
2016,BK64,Prospect Heights,20493,2046,494,280,673,539,3493,318,466,2820
2017,BK64,Prospect Heights,20493,2114,461,275,524,702,3374,-119,673,2850
2018,BK64,Prospect Heights,20493,1875,598,279,1871,585,4623,1249,524,2752
2019,BK64,Prospect Heights,20493,1977,529,293,597,1658,3396,-1227,1871,2799
2015,BK68,Fort Greene,30288,2248,430,697,923,1135,4298,NA,988,3375
2016,BK68,Fort Greene,30288,2386,436,689,939,1082,4450,152,923,3511
2017,BK68,Fort Greene,30288,2467,407,675,1457,1093,5006,556,939,3549
2018,BK68,Fort Greene,30288,2187,528,687,977,1506,4379,-627,1457,3402
2019,BK68,Fort Greene,30288,2307,467,719,753,1130,4246,-133,977,3493
2015,BK69,Clinton Hill,38655,2130,480,361,499,618,3470,NA,679,2971
2016,BK69,Clinton Hill,38655,2250,487,357,443,474,3537,67,499,3094
2017,BK69,Clinton Hill,38655,2319,455,349,436,429,3559,22,443,3123
2018,BK69,Clinton Hill,38655,2057,590,355,342,424,3344,-215,436,3002
2019,BK69,Clinton Hill,38655,2169,522,372,579,353,3642,298,342,3063
2015,BK72,Williamsburg,33767,1004,207,258,118,406,1587,NA,110,1469
2016,BK72,Williamsburg,33767,1069,210,255,137,412,1671,84,118,1534
2017,BK72,Williamsburg,33767,1084,196,250,144,426,1674,3,137,1530
2018,BK72,Williamsburg,33767,961,255,254,77,432,1547,-127,144,1470
2019,BK72,Williamsburg,33767,1013,225,266,649,381,2153,606,77,1504
2015,BK73,North Side-South Side,54330,1555,289,385,3183,1305,5412,NA,1323,2229
2016,BK73,North Side-South Side,54330,1656,293,381,2251,2783,4581,-831,3183,2330
2017,BK73,North Side-South Side,54330,1678,273,373,2422,2041,4746,165,2251,2324
2018,BK73,North Side-South Side,54330,1488,355,379,2271,2177,4493,-253,2422,2222
2019,BK73,North Side-South Side,54330,1569,314,397,3606,2061,5886,1393,2271,2280
2015,BK75,Bedford,75318,1639,486,260,3265,3211,5650,NA,3556,2385
2016,BK75,Bedford,75318,1730,493,257,2229,2979,4709,-941,3265,2480
2017,BK75,Bedford,75318,1773,460,252,1708,2154,4193,-516,2229,2485
2018,BK75,Bedford,75318,1572,597,256,2124,1741,4549,356,1708,2425
2019,BK75,Bedford,75318,1658,528,268,2428,2073,4882,333,2124,2454
2015,BK76,Greenpoint,33351,3099,495,308,629,557,4531,NA,650,3902
2016,BK76,Greenpoint,33351,3301,502,304,1955,539,6062,1531,629,4107
2017,BK76,Greenpoint,33351,3345,469,298,1188,1593,5300,-762,1955,4112
2018,BK76,Greenpoint,33351,2966,609,303,1232,984,5110,-190,1188,3878
2019,BK76,Greenpoint,33351,3128,538,318,522,1022,4506,-604,1232,3984
2015,BK77,Bushwick North,60834,2377,316,239,2614,2477,5546,NA,2792,2932
2016,BK77,Bushwick North,60834,2444,320,236,1875,2334,4875,-671,2614,3000
2017,BK77,Bushwick North,60834,2440,299,231,1726,1746,4696,-179,1875,2970
2018,BK77,Bushwick North,60834,2163,388,235,2906,1628,5692,996,1726,2786
2019,BK77,Bushwick North,60834,2281,343,246,2684,2568,5554,-138,2906,2870
2015,BK78,Bushwick South,75003,2633,407,287,1393,1275,4720,NA,1226,3327
2016,BK78,Bushwick South,75003,2726,413,283,923,1407,4345,-375,1393,3422
2017,BK78,Bushwick South,75003,2731,385,278,1094,1032,4488,143,923,3394
2018,BK78,Bushwick South,75003,2422,500,282,944,1169,4148,-340,1094,3204
2019,BK78,Bushwick South,75003,2554,442,296,701,1052,3993,-155,944,3292
2015,BK79,Ocean Hill,34025,2925,670,444,6079,8726,10118,NA,10292,4039
2016,BK79,Ocean Hill,34025,3031,679,439,6559,5375,10708,590,6079,4149
2017,BK79,Ocean Hill,34025,3126,634,430,6693,5755,10883,175,6559,4190
2018,BK79,Ocean Hill,34025,2772,823,437,4925,5862,8957,-1926,6693,4032
2019,BK79,Ocean Hill,34025,2923,728,458,7149,4460,11258,2301,4925,4109
2015,BK81,Brownsville,60124,2630,614,374,1975,2575,5593,NA,2465,3618
2016,BK81,Brownsville,60124,2731,622,369,1713,2185,5435,-158,1975,3722
2017,BK81,Brownsville,60124,2834,581,362,1496,1975,5273,-162,1713,3777
2018,BK81,Brownsville,60124,2513,754,368,1661,1804,5296,23,1496,3635
2019,BK81,Brownsville,60124,2650,667,386,1273,1938,4976,-320,1661,3703
2015,BK82,East New York,94448,3244,593,449,3714,4501,8000,NA,5079,4286
2016,BK82,East New York,94448,3454,602,444,5303,3415,9803,1803,3714,4500
2017,BK82,East New York,94448,3584,562,435,5016,4678,9597,-206,5303,4581
2018,BK82,East New York,94448,3178,729,442,4703,4451,9052,-545,5016,4349
2019,BK82,East New York,94448,3352,645,463,5246,4204,9706,654,4703,4460
2015,BK83,Cypress Hills-City Line,48899,1499,270,182,736,1086,2687,NA,1067,1951
2016,BK83,Cypress Hills-City Line,48899,1596,274,180,1110,822,3160,473,736,2050
2017,BK83,Cypress Hills-City Line,48899,1658,256,176,657,1119,2747,-413,1110,2090
2018,BK83,Cypress Hills-City Line,48899,1470,332,179,520,759,2501,-246,657,1981
2019,BK83,Cypress Hills-City Line,48899,1551,293,188,460,652,2492,-9,520,2032
2015,BK85,East New York (Pennsylvania Ave),29447,1773,322,441,2254,2744,4790,NA,2749,2536
2016,BK85,East New York (Pennsylvania Ave),29447,1887,327,436,2878,2350,5528,738,2254,2650
2017,BK85,East New York (Pennsylvania Ave),29447,1960,305,427,2922,2844,5614,86,2878,2692
2018,BK85,East New York (Pennsylvania Ave),29447,1738,396,434,2218,2881,4786,-828,2922,2568
2019,BK85,East New York (Pennsylvania Ave),29447,1833,350,455,1535,2324,4173,-613,2218,2638
2015,BK88,Borough Park,105913,1870,154,128,583,701,2735,NA,668,2152
2016,BK88,Borough Park,105913,2113,156,127,549,633,2945,210,583,2396
2017,BK88,Borough Park,105913,2246,146,124,385,606,2901,-44,549,2516
2018,BK88,Borough Park,105913,1991,189,126,250,476,2556,-345,385,2306
2019,BK88,Borough Park,105913,2100,167,132,498,369,2897,341,250,2399
2015,BK90,East Williamsburg,35985,3182,591,393,587,988,4753,NA,922,4166
2016,BK90,East Williamsburg,35985,3388,600,388,695,721,5071,318,587,4376
2017,BK90,East Williamsburg,35985,3434,560,381,602,806,4977,-94,695,4375
2018,BK90,East Williamsburg,35985,3045,727,387,585,733,4744,-233,602,4159
2019,BK90,East Williamsburg,35985,3211,643,405,533,722,4792,48,585,4259
2015,BK91,East Flatbush-Farragut,53535,1528,484,152,1013,927,3177,NA,634,2164
2016,BK91,East Flatbush-Farragut,53535,1631,491,150,614,1229,2886,-291,1013,2272
2017,BK91,East Flatbush-Farragut,53535,1656,458,147,511,911,2772,-114,614,2261
2018,BK91,East Flatbush-Farragut,53535,1469,595,150,772,829,2986,214,511,2214
2019,BK91,East Flatbush-Farragut,53535,1549,526,157,384,1039,2616,-370,772,2232
2015,BK93,Starrett City,12388,2653,445,219,347,1015,3664,NA,385,3317
2016,BK93,Starrett City,12388,2824,452,216,367,985,3859,195,347,3492
2017,BK93,Starrett City,12388,2929,421,212,243,1000,3805,-54,367,3562
2018,BK93,Starrett City,12388,2598,547,216,254,902,3615,-190,243,3361
2019,BK93,Starrett City,12388,2739,484,226,220,913,3669,54,254,3449
2015,BK95,Erasmus,29149,3508,385,146,5043,5244,9082,NA,6024,4039
2016,BK95,Erasmus,29149,3710,391,145,6379,4464,10625,1543,5043,4246
2017,BK95,Erasmus,29149,3729,365,142,7894,5525,12130,1505,6379,4236
2018,BK95,Erasmus,29149,3307,473,144,6188,6731,10112,-2018,7894,3924
2019,BK95,Erasmus,29149,3487,419,151,3738,5375,7795,-2317,6188,4057
2015,BK96,Rugby-Remsen Village,55951,1445,451,114,935,1217,2945,NA,984,2010
2016,BK96,Rugby-Remsen Village,55951,1524,458,113,715,1178,2810,-135,935,2095
2017,BK96,Rugby-Remsen Village,55951,1546,427,111,641,1002,2725,-85,715,2084
2018,BK96,Rugby-Remsen Village,55951,1371,555,113,787,944,2826,101,641,2039
2019,BK96,Rugby-Remsen Village,55951,1446,490,118,1043,1061,3097,271,787,2054
2015,BX01,Claremont-Bathgate,34815,3895,470,212,10126,7003,14703,NA,7785,4577
2016,BX01,Claremont-Bathgate,34815,4205,507,221,8825,8866,13758,-945,10126,4933
2017,BX01,Claremont-Bathgate,34815,4346,464,223,8121,7832,13154,-604,8825,5033
2018,BX01,Claremont-Bathgate,34815,3854,601,260,12784,7278,17499,4345,8121,4715
2019,BX01,Claremont-Bathgate,34815,4064,614,265,7397,10987,12340,-5159,12784,4943
2015,BX03,Eastchester-Edenwald-Baychester,35172,2410,370,110,580,1996,3470,NA,1928,2890
2016,BX03,Eastchester-Edenwald-Baychester,35172,2618,400,115,676,925,3809,339,580,3133
2017,BX03,Eastchester-Edenwald-Baychester,35172,2693,366,116,1219,1001,4394,585,676,3175
2018,BX03,Eastchester-Edenwald-Baychester,35172,2389,474,135,695,1436,3693,-701,1219,2998
2019,BX03,Eastchester-Edenwald-Baychester,35172,2519,484,138,911,1020,4052,359,695,3141
2015,BX05,Bedford Park-Fordham North,55995,1121,202,99,861,1936,2283,NA,1651,1422
2016,BX05,Bedford Park-Fordham North,55995,1218,218,103,1180,1308,2719,436,861,1539
2017,BX05,Bedford Park-Fordham North,55995,1271,200,104,1073,1563,2648,-71,1180,1575
2018,BX05,Bedford Park-Fordham North,55995,1127,259,121,808,1480,2315,-333,1073,1507
2019,BX05,Bedford Park-Fordham North,55995,1188,264,124,1136,1270,2712,397,808,1576
2015,BX06,Belmont,29372,1932,497,169,1375,1390,3973,NA,1244,2598
2016,BX06,Belmont,29372,2098,537,177,1040,1496,3852,-121,1375,2812
2017,BX06,Belmont,29372,2190,491,179,2160,1230,5020,1168,1040,2860
2018,BX06,Belmont,29372,1942,637,208,783,2125,3570,-1450,2160,2787
2019,BX06,Belmont,29372,2048,650,212,1031,1030,3941,371,783,2910
2015,BX07,Bronxdale,37595,853,136,105,577,1025,1671,NA,615,1094
2016,BX07,Bronxdale,37595,927,147,110,624,995,1808,137,577,1184
2017,BX07,Bronxdale,37595,953,134,111,840,1032,2038,230,624,1198
2018,BX07,Bronxdale,37595,845,174,130,750,1207,1899,-139,840,1149
2019,BX07,Bronxdale,37595,891,178,132,1803,1136,3004,1105,750,1201
2015,BX08,West Farms-Bronx River,35752,3238,204,72,1402,2339,4916,NA,2341,3514
2016,BX08,West Farms-Bronx River,35752,3468,220,75,1270,1592,5033,117,1402,3763
2017,BX08,West Farms-Bronx River,35752,3533,201,76,896,1487,4706,-327,1270,3810
2018,BX08,West Farms-Bronx River,35752,3133,261,89,1055,1192,4538,-168,896,3483
2019,BX08,West Farms-Bronx River,35752,3304,266,90,912,1319,4572,34,1055,3660
2015,BX09,Soundview-Castle Hill-Clason Point-Harding Park,56552,2299,412,134,3876,5487,6721,NA,6256,2845
2016,BX09,Soundview-Castle Hill-Clason Point-Harding Park,56552,2475,445,140,3019,3596,6079,-642,3876,3060
2017,BX09,Soundview-Castle Hill-Clason Point-Harding Park,56552,2549,407,141,3388,2914,6485,406,3019,3097
2018,BX09,Soundview-Castle Hill-Clason Point-Harding Park,56552,2261,527,164,5079,3211,8031,1546,3388,2952
2019,BX09,Soundview-Castle Hill-Clason Point-Harding Park,56552,2384,539,167,3450,4556,6540,-1491,5079,3090
2015,BX10,Pelham Bay-Country Club-City Island,26172,3581,183,113,230,411,4107,NA,270,3877
2016,BX10,Pelham Bay-Country Club-City Island,26172,3869,197,118,547,380,4731,624,230,4184
2017,BX10,Pelham Bay-Country Club-City Island,26172,3983,180,119,160,632,4442,-289,547,4282
2018,BX10,Pelham Bay-Country Club-City Island,26172,3532,234,139,397,327,4302,-140,160,3905
2019,BX10,Pelham Bay-Country Club-City Island,26172,3725,239,141,235,517,4340,38,397,4105
2015,BX13,Co-op City,48541,1606,147,125,392,1116,2270,NA,963,1878
2016,BX13,Co-op City,48541,1745,159,131,504,663,2539,269,392,2035
2017,BX13,Co-op City,48541,1795,145,132,553,752,2625,86,504,2072
2018,BX13,Co-op City,48541,1592,188,154,545,794,2479,-146,553,1934
2019,BX13,Co-op City,48541,1679,192,157,367,789,2395,-84,545,2028
2015,BX14,East Concourse-Concourse Village,64516,2429,333,114,4197,3184,7073,NA,3232,2876
2016,BX14,East Concourse-Concourse Village,64516,2619,360,119,4122,3952,7220,147,4197,3098
2017,BX14,East Concourse-Concourse Village,64516,2699,329,120,3456,3893,6604,-616,4122,3148
2018,BX14,East Concourse-Concourse Village,64516,2393,427,141,2249,3366,5210,-1394,3456,2961
2019,BX14,East Concourse-Concourse Village,64516,2524,436,143,3823,2407,6926,1716,2249,3103
2015,BX17,East Tremont,44510,2952,449,203,2615,2468,6219,NA,2251,3604
2016,BX17,East Tremont,44510,3167,485,212,1731,2759,5595,-624,2615,3864
2017,BX17,East Tremont,44510,3236,443,214,1324,2056,5217,-378,1731,3893
2018,BX17,East Tremont,44510,2870,574,250,1333,1738,5027,-190,1324,3694
2019,BX17,East Tremont,44510,3026,587,254,1210,1746,5077,50,1333,3867
2015,BX22,North Riverdale-Fieldston-Riverdale,27145,7565,328,190,101,380,8184,NA,167,8083
2016,BX22,North Riverdale-Fieldston-Riverdale,27145,8217,354,199,114,329,8884,700,101,8770
2017,BX22,North Riverdale-Fieldston-Riverdale,27145,8576,323,200,143,340,9242,358,114,9099
2018,BX22,North Riverdale-Fieldston-Riverdale,27145,7606,419,234,80,368,8339,-903,143,8259
2019,BX22,North Riverdale-Fieldston-Riverdale,27145,8020,428,238,132,318,8818,479,80,8686
2015,BX26,Highbridge,39144,3909,503,193,890,1451,5495,NA,904,4605
2016,BX26,Highbridge,39144,4216,543,202,733,1442,5694,199,890,4961
2017,BX26,Highbridge,39144,4349,497,203,930,1317,5979,285,733,5049
2018,BX26,Highbridge,39144,3857,644,237,930,1479,5668,-311,930,4738
2019,BX26,Highbridge,39144,4067,658,241,1077,1480,6043,375,930,4966
2015,BX27,Hunts Point,26531,5049,1042,393,13688,20007,20172,NA,24391,6484
2016,BX27,Hunts Point,26531,5432,1125,410,16180,11497,23147,2975,13688,6967
2017,BX27,Hunts Point,26531,5589,1028,414,10347,13479,17378,-5769,16180,7031
2018,BX27,Hunts Point,26531,4956,1333,483,10318,8851,17090,-288,10347,6772
2019,BX27,Hunts Point,26531,5226,1362,491,12433,8829,19512,2422,10318,7079
2015,BX28,Van Cortlandt Village,51157,2100,174,108,869,1086,3251,NA,621,2382
2016,BX28,Van Cortlandt Village,51157,2281,188,113,806,1284,3388,137,869,2582
2017,BX28,Van Cortlandt Village,51157,2381,171,114,515,1234,3181,-207,806,2666
2018,BX28,Van Cortlandt Village,51157,2111,222,133,395,1005,2861,-320,515,2466
2019,BX28,Van Cortlandt Village,51157,2226,227,135,624,911,3212,351,395,2588
2015,BX29,Spuyten Duyvil-Kingsbridge,31508,3084,134,114,2402,2329,5734,NA,2488,3332
2016,BX29,Spuyten Duyvil-Kingsbridge,31508,3350,144,119,2740,2262,6353,619,2402,3613
2017,BX29,Spuyten Duyvil-Kingsbridge,31508,3496,132,120,3203,2531,6951,598,2740,3748
2018,BX29,Spuyten Duyvil-Kingsbridge,31508,3101,171,140,4375,2903,7787,836,3203,3412
2019,BX29,Spuyten Duyvil-Kingsbridge,31508,3270,175,143,9388,3835,12976,5189,4375,3588
2015,BX30,Kingsbridge Heights,31294,1760,275,88,1490,1613,3613,NA,1296,2123
2016,BX30,Kingsbridge Heights,31294,1912,297,92,1431,1768,3732,119,1490,2301
2017,BX30,Kingsbridge Heights,31294,1996,271,93,1625,1721,3985,253,1431,2360
2018,BX30,Kingsbridge Heights,31294,1770,352,109,2934,1878,5165,1180,1625,2231
2019,BX30,Kingsbridge Heights,31294,1866,359,111,1006,2919,3342,-1823,2934,2336
2015,BX31,Allerton-Pelham Gardens,32450,2063,330,74,440,519,2907,NA,309,2467
2016,BX31,Allerton-Pelham Gardens,32450,2241,356,77,386,623,3060,153,440,2674
2017,BX31,Allerton-Pelham Gardens,32450,2305,326,78,696,581,3405,345,386,2709
2018,BX31,Allerton-Pelham Gardens,32450,2044,422,91,665,829,3222,-183,696,2557
2019,BX31,Allerton-Pelham Gardens,32450,2156,432,92,270,805,2950,-272,665,2680
2015,BX33,Longwood,28961,1626,219,213,1647,2170,3705,NA,1954,2058
2016,BX33,Longwood,28961,1745,236,223,1429,1928,3633,-72,1647,2204
2017,BX33,Longwood,28961,1784,216,225,838,1755,3063,-570,1429,2225
2018,BX33,Longwood,28961,1583,280,262,753,1291,2878,-185,838,2125
2019,BX33,Longwood,28961,1669,286,267,776,1224,2998,120,753,2222
2015,BX34,Melrose South-Mott Haven North,43244,1980,349,369,1818,2759,4516,NA,2579,2698
2016,BX34,Melrose South-Mott Haven North,43244,2131,377,385,2993,2157,5886,1370,1818,2893
2017,BX34,Melrose South-Mott Haven North,43244,2169,344,389,2156,3091,5058,-828,2993,2902
2018,BX34,Melrose South-Mott Haven North,43244,1923,446,453,1632,2436,4454,-604,2156,2822
2019,BX34,Melrose South-Mott Haven North,43244,2028,456,461,2743,2021,5688,1234,1632,2945
2015,BX35,Morrisania-Melrose,39939,2918,384,245,12336,16949,15883,NA,20584,3547
2016,BX35,Morrisania-Melrose,39939,3138,414,256,8283,10391,12091,-3792,12336,3808
2017,BX35,Morrisania-Melrose,39939,3221,379,258,5209,7168,9067,-3024,8283,3858
2018,BX35,Morrisania-Melrose,39939,2857,491,301,7180,4729,10829,1762,5209,3649
2019,BX35,Morrisania-Melrose,39939,3012,501,306,8224,6298,12043,1214,7180,3819
2015,BX36,University Heights-Morris Heights,55575,2472,550,131,846,1730,3999,NA,1306,3153
2016,BX36,University Heights-Morris Heights,55575,2673,594,137,892,1365,4296,297,846,3404
2017,BX36,University Heights-Morris Heights,55575,2770,543,138,1001,1401,4452,156,892,3451
2018,BX36,University Heights-Morris Heights,55575,2457,704,161,1392,1492,4714,262,1001,3322
2019,BX36,University Heights-Morris Heights,55575,2591,719,164,1228,1803,4702,-12,1392,3474
2015,BX37,Van Nest-Morris Park-Westchester Square,29509,2622,389,356,583,839,3950,NA,598,3367
2016,BX37,Van Nest-Morris Park-Westchester Square,29509,2847,420,372,1302,829,4941,991,583,3639
2017,BX37,Van Nest-Morris Park-Westchester Square,29509,2929,384,375,623,1402,4311,-630,1302,3688
2018,BX37,Van Nest-Morris Park-Westchester Square,29509,2598,498,438,751,872,4285,-26,623,3534
2019,BX37,Van Nest-Morris Park-Westchester Square,29509,2739,509,445,962,974,4655,370,751,3693
2015,BX39,Mott Haven-Port Morris,55080,3863,658,236,8249,12687,13006,NA,15126,4757
2016,BX39,Mott Haven-Port Morris,55080,4158,710,247,8430,7219,13545,539,8249,5115
2017,BX39,Mott Haven-Port Morris,55080,4231,651,249,10540,7364,15671,2126,8430,5131
2018,BX39,Mott Haven-Port Morris,55080,3752,842,290,7302,9049,12186,-3485,10540,4884
2019,BX39,Mott Haven-Port Morris,55080,3957,860,295,14053,6474,19165,6979,7302,5112
2015,BX40,Fordham South,28434,928,311,117,985,2116,2341,NA,1704,1356
2016,BX40,Fordham South,28434,1008,336,122,957,1545,2423,82,985,1466
2017,BX40,Fordham South,28434,1053,307,123,2411,1524,3894,1471,957,1483
2018,BX40,Fordham South,28434,933,398,143,1298,2683,2772,-1122,2411,1474
2019,BX40,Fordham South,28434,984,406,146,3087,1798,4623,1851,1298,1536
2015,BX41,Mount Hope,52973,2333,390,233,8364,6949,11320,NA,7909,2956
2016,BX41,Mount Hope,52973,2518,422,244,7761,7312,10945,-375,8364,3184
2017,BX41,Mount Hope,52973,2602,385,246,6479,6834,9712,-1233,7761,3233
2018,BX41,Mount Hope,52973,2307,500,287,6648,5820,9742,30,6479,3094
2019,BX41,Mount Hope,52973,2433,510,292,7190,5956,10425,683,6648,3235
2015,BX43,Norwood,42666,1542,241,162,9093,6795,11038,NA,7807,1945
2016,BX43,Norwood,42666,1676,260,169,6075,7819,8180,-2858,9093,2105
2017,BX43,Norwood,42666,1749,238,171,9832,5420,11990,3810,6075,2158
2018,BX43,Norwood,42666,1551,308,199,8487,8411,10545,-1445,9832,2058
2019,BX43,Norwood,42666,1635,315,203,7631,7343,9784,-761,8487,2153
2015,BX44,Williamsbridge-Olinville,65043,1178,181,62,6229,6341,7650,NA,7419,1421
2016,BX44,Williamsbridge-Olinville,65043,1280,195,65,7024,5395,8564,914,6229,1540
2017,BX44,Williamsbridge-Olinville,65043,1317,178,66,8867,6027,10428,1864,7024,1561
2018,BX44,Williamsbridge-Olinville,65043,1168,231,77,5528,7495,7004,-3424,8867,1476
2019,BX44,Williamsbridge-Olinville,65043,1231,236,78,6231,4840,7776,772,5528,1545
2015,BX46,Parkchester,30826,1039,143,66,441,781,1689,NA,525,1248
2016,BX46,Parkchester,30826,1120,154,69,425,715,1768,79,441,1343
2017,BX46,Parkchester,30826,1146,141,69,504,703,1860,92,425,1356
2018,BX46,Parkchester,30826,1017,183,81,501,768,1782,-78,504,1281
2019,BX46,Parkchester,30826,1072,187,82,1021,765,2362,580,501,1341
2015,BX49,Pelham Parkway,29947,1624,260,148,5019,4915,7051,NA,5681,2032
2016,BX49,Pelham Parkway,29947,1764,281,154,3564,4390,5763,-1288,5019,2199
2017,BX49,Pelham Parkway,29947,1815,257,156,5446,3233,7674,1911,3564,2228
2018,BX49,Pelham Parkway,29947,1610,333,182,10476,4734,12601,4927,5446,2125
2019,BX49,Pelham Parkway,29947,1697,340,185,7505,8735,9727,-2874,10476,2222
2015,BX52,Schuylerville-Throgs Neck-Edgewater Park,47580,4650,221,62,2695,1985,7628,NA,2244,4933
2016,BX52,Schuylerville-Throgs Neck-Edgewater Park,47580,5006,239,65,4253,2344,9563,1935,2695,5310
2017,BX52,Schuylerville-Throgs Neck-Edgewater Park,47580,5157,218,65,3632,3583,9072,-491,4253,5440
2018,BX52,Schuylerville-Throgs Neck-Edgewater Park,47580,4573,283,76,1434,3090,6366,-2706,3632,4932
2019,BX52,Schuylerville-Throgs Neck-Edgewater Park,47580,4822,289,78,3536,1343,8725,2359,1434,5189
2015,BX55,Soundview-Bruckner,37866,2010,206,58,1395,1621,3669,NA,1350,2274
2016,BX55,Soundview-Bruckner,37866,2156,223,61,1019,1657,3459,-210,1395,2440
2017,BX55,Soundview-Bruckner,37866,2204,204,62,985,1358,3455,-4,1019,2470
2018,BX55,Soundview-Bruckner,37866,1955,264,72,740,1332,3031,-424,985,2291
2019,BX55,Soundview-Bruckner,37866,2061,270,73,661,1138,3065,34,740,2404
2015,BX59,Westchester-Unionport,28437,2004,308,133,901,1160,3346,NA,870,2445
2016,BX59,Westchester-Unionport,28437,2163,333,139,465,1186,3100,-246,901,2635
2017,BX59,Westchester-Unionport,28437,2227,305,140,791,839,3463,363,465,2672
2018,BX59,Westchester-Unionport,28437,1975,395,163,621,1102,3154,-309,791,2533
2019,BX59,Westchester-Unionport,28437,2083,403,166,820,968,3472,318,621,2652
2015,BX62,Woodlawn-Wakefield,44064,1905,292,69,842,956,3108,NA,881,2266
2016,BX62,Woodlawn-Wakefield,44064,2070,315,72,647,925,3104,-4,842,2457
2017,BX62,Woodlawn-Wakefield,44064,2129,288,73,2230,771,4720,1616,647,2490
2018,BX62,Woodlawn-Wakefield,44064,1889,374,85,2280,2032,4628,-92,2230,2348
2019,BX62,Woodlawn-Wakefield,44064,1991,382,86,1034,2072,3493,-1135,2280,2459
2015,BX63,West Concourse,37395,3800,601,202,10499,8934,15102,NA,10350,4603
2016,BX63,West Concourse,37395,4096,649,211,11717,9054,16673,1571,10499,4956
2017,BX63,West Concourse,37395,4207,593,213,7547,10023,12560,-4113,11717,5013
2018,BX63,West Concourse,37395,3731,769,249,9470,6712,14219,1659,7547,4749
2019,BX63,West Concourse,37395,3934,785,253,10853,8242,15825,1606,9470,4972
2015,BX75,Crotona Park East,21745,5544,638,199,2293,2346,8674,NA,2067,6381
2016,BX75,Crotona Park East,21745,5938,689,208,1966,2528,8801,127,2293,6835
2017,BX75,Crotona Park East,21745,6051,630,210,1443,2268,8334,-467,1966,6891
2018,BX75,Crotona Park East,21745,5366,817,245,1229,1857,7657,-677,1443,6428
2019,BX75,Crotona Park East,21745,5658,834,249,1131,1688,7872,215,1229,6741
2015,MN01,Marble Hill-Inwood,52681,23931,682,624,810,1065,26047,NA,516,25237
2016,MN01,Marble Hill-Inwood,52681,25972,746,665,580,1306,27963,1916,810,27383
2017,MN01,Marble Hill-Inwood,52681,41712,576,699,1066,1128,44053,16090,580,42987
2018,MN01,Marble Hill-Inwood,52681,36992,700,721,634,1518,39047,-5006,1066,38413
2019,MN01,Marble Hill-Inwood,52681,39008,743,800,458,1187,41009,1962,634,40551
2015,MN03,Central Harlem North-Polo Grounds,85872,1607,1625,1010,3915,2829,8157,NA,2838,4242
2016,MN03,Central Harlem North-Polo Grounds,85872,1689,1779,1078,3286,3697,7832,-325,3915,4546
2017,MN03,Central Harlem North-Polo Grounds,85872,1746,1369,1132,6552,3205,10799,2967,3286,4247
2018,MN03,Central Harlem North-Polo Grounds,85872,1549,1660,1168,3583,5808,7960,-2839,6552,4377
2019,MN03,Central Harlem North-Polo Grounds,85872,1633,1764,1295,3299,3467,7991,31,3583,4692
2015,MN04,Hamilton Heights,52508,1664,1455,466,3688,2964,7273,NA,3315,3585
2016,MN04,Hamilton Heights,52508,1779,1593,497,2818,3265,6687,-586,3688,3869
2017,MN04,Hamilton Heights,52508,16884,1226,522,2845,2577,21477,14790,2818,18632
2018,MN04,Hamilton Heights,52508,14973,1487,539,1707,2602,18706,-2771,2845,16999
2019,MN04,Hamilton Heights,52508,15789,1579,597,2344,1706,20309,1603,1707,17965
2015,MN06,Manhattanville,23666,2444,1741,1034,2063,6314,7282,NA,7043,5219
2016,MN06,Manhattanville,23666,2585,1906,1102,2982,2363,8575,1293,2063,5593
2017,MN06,Manhattanville,23666,10462,1467,1158,3978,3103,17065,8490,2982,13087
2018,MN06,Manhattanville,23666,9278,1779,1195,3003,3901,15255,-1810,3978,12252
2019,MN06,Manhattanville,23666,9784,1890,1325,3503,3147,16502,1247,3003,12999
2015,MN09,Morningside Heights,53707,1644,1355,954,423,1139,4376,NA,1126,3953
2016,MN09,Morningside Heights,53707,1749,1484,1017,368,590,4618,242,423,4250
2017,MN09,Morningside Heights,53707,1785,1142,1069,402,555,4398,-220,368,3996
2018,MN09,Morningside Heights,53707,1583,1385,1103,347,588,4418,20,402,4071
2019,MN09,Morningside Heights,53707,1669,1472,1222,329,563,4692,274,347,4363
2015,MN11,Central Harlem South,50095,1253,1985,1290,2494,2719,7022,NA,2771,4528
2016,MN11,Central Harlem South,50095,1334,2173,1375,3916,2512,8798,1776,2494,4882
2017,MN11,Central Harlem South,50095,1362,1673,1445,3409,3654,7889,-909,3916,4480
2018,MN11,Central Harlem South,50095,1208,2029,1491,1996,3258,6724,-1165,3409,4728
2019,MN11,Central Harlem South,50095,1273,2155,1653,2211,2160,7292,568,1996,5081
2015,MN12,Upper West Side,134019,1028,945,613,1072,1061,3658,NA,873,2586
2016,MN12,Upper West Side,134019,1101,1035,654,789,1226,3579,-79,1072,2790
2017,MN12,Upper West Side,134019,1129,796,687,800,1006,3412,-167,789,2612
2018,MN12,Upper West Side,134019,1001,966,709,904,1019,3580,168,800,2676
2019,MN12,Upper West Side,134019,1056,1026,786,865,1113,3733,153,904,2868
2015,MN13,Hudson Yards-Chelsea-Flat Iron-Union Square,77205,2113,1997,1951,3515,1759,9576,NA,1800,6061
2016,MN13,Hudson Yards-Chelsea-Flat Iron-Union Square,77205,2279,2186,2080,3123,3143,9668,92,3515,6545
2017,MN13,Hudson Yards-Chelsea-Flat Iron-Union Square,77205,2354,1683,2186,2098,2848,8321,-1347,3123,6223
2018,MN13,Hudson Yards-Chelsea-Flat Iron-Union Square,77205,2087,2040,2255,2179,2044,8561,240,2098,6382
2019,MN13,Hudson Yards-Chelsea-Flat Iron-Union Square,77205,2201,2168,2500,2154,2148,9023,462,2179,6869
2015,MN14,Lincoln Square,59691,1067,949,961,276,661,3253,NA,421,2977
2016,MN14,Lincoln Square,59691,1143,1039,1024,342,556,3548,295,276,3206
2017,MN14,Lincoln Square,59691,1173,800,1076,328,617,3377,-171,342,3049
2018,MN14,Lincoln Square,59691,1041,970,1111,376,611,3498,121,328,3122
2019,MN14,Lincoln Square,59691,1097,1030,1231,625,669,3983,485,376,3358
2015,MN15,Clinton,44293,1825,2440,1735,2434,2361,8434,NA,2587,6000
2016,MN15,Clinton,44293,1968,2672,1850,2529,2257,9019,585,2434,6490
2017,MN15,Clinton,44293,2033,2056,1944,2833,2348,8866,-153,2529,6033
2018,MN15,Clinton,44293,1803,2494,2006,3008,2600,9311,445,2833,6303
2019,MN15,Clinton,44293,1901,2650,2223,2915,2774,9689,378,3008,6774
2015,MN17,Midtown-Midtown South,27811,4778,7964,6075,5260,6057,24077,NA,6377,18817
2016,MN17,Midtown-Midtown South,27811,5153,8719,6479,5225,5234,25576,1499,5260,20351
2017,MN17,Midtown-Midtown South,27811,5323,6711,6808,4823,5258,23665,-1911,5225,18842
2018,MN17,Midtown-Midtown South,27811,4721,8138,7024,3786,4973,23669,4,4823,19883
2019,MN17,Midtown-Midtown South,27811,4978,8646,7786,2878,4269,24288,619,3786,21410
2015,MN19,Turtle Bay-East Midtown,49628,1542,1533,1302,1275,1200,5652,NA,1256,4377
2016,MN19,Turtle Bay-East Midtown,49628,1663,1678,1388,1556,1228,6285,633,1275,4729
2017,MN19,Turtle Bay-East Midtown,49628,1718,1292,1459,1026,1463,5495,-790,1556,4469
2018,MN19,Turtle Bay-East Midtown,49628,1524,1566,1505,769,1049,5364,-131,1026,4595
2019,MN19,Turtle Bay-East Midtown,49628,1607,1664,1668,896,871,5835,471,769,4939
2015,MN20,Murray Hill-Kips Bay,47774,1330,1458,1264,698,480,4750,NA,442,4052
2016,MN20,Murray Hill-Kips Bay,47774,1434,1596,1348,413,697,4791,41,698,4378
2017,MN20,Murray Hill-Kips Bay,47774,1481,1229,1417,801,481,4928,137,413,4127
2018,MN20,Murray Hill-Kips Bay,47774,1314,1490,1462,659,797,4925,-3,801,4266
2019,MN20,Murray Hill-Kips Bay,47774,1385,1583,1620,518,709,5106,181,659,4588
2015,MN21,Gramercy,27886,1188,1096,1371,2728,1924,6383,NA,2465,3655
2016,MN21,Gramercy,27886,1281,1200,1462,3545,2147,7488,1105,2728,3943
2017,MN21,Gramercy,27886,1323,924,1536,4374,2809,8157,669,3545,3783
2018,MN21,Gramercy,27886,1173,1120,1585,2765,3476,6643,-1514,4374,3878
2019,MN21,Gramercy,27886,1237,1190,1757,2308,2224,6492,-151,2765,4184
2015,MN22,East Village,43022,1925,1329,1315,1510,2007,6079,NA,2400,4569
2016,MN22,East Village,43022,2038,1455,1402,3830,1313,8725,2646,1510,4895
2017,MN22,East Village,43022,2059,1120,1474,1536,3170,6189,-2536,3830,4653
2018,MN22,East Village,43022,1826,1358,1520,870,1353,5574,-615,1536,4704
2019,MN22,East Village,43022,1926,1443,1685,1871,849,6925,1351,870,5054
2015,MN23,West Village,66772,1645,1760,1443,1088,1160,5936,NA,1228,4848
2016,MN23,West Village,66772,1775,1927,1538,1003,1063,6243,307,1088,5240
2017,MN23,West Village,66772,1833,1483,1617,1430,1008,6363,120,1003,4933
2018,MN23,West Village,66772,1626,1798,1668,1629,1356,6721,358,1430,5092
2019,MN23,West Village,66772,1714,1911,1849,937,1543,6411,-310,1629,5474
2015,MN24,SoHo-TriBeCa-Civic Center-Little Italy,42979,2562,1832,2437,2335,6980,9166,NA,8064,6831
2016,MN24,SoHo-TriBeCa-Civic Center-Little Italy,42979,2763,2006,2599,6723,2450,14091,4925,2335,7368
2017,MN24,SoHo-TriBeCa-Civic Center-Little Italy,42979,2854,1544,2731,8516,5960,15645,1554,6723,7129
2018,MN24,SoHo-TriBeCa-Civic Center-Little Italy,42979,2531,1873,2818,3437,7400,10659,-4986,8516,7222
2019,MN24,SoHo-TriBeCa-Civic Center-Little Italy,42979,2669,1990,3123,5118,3410,12900,2241,3437,7782
2015,MN25,Battery Park City-Lower Manhattan,45737,1819,1039,2332,618,846,5808,NA,389,5190
2016,MN25,Battery Park City-Lower Manhattan,45737,1960,1135,2487,673,1052,6255,447,618,5582
2017,MN25,Battery Park City-Lower Manhattan,45737,2024,878,2613,419,1116,5934,-321,673,5515
2018,MN25,Battery Park City-Lower Manhattan,45737,1795,1068,2696,389,927,5948,14,419,5559
2019,MN25,Battery Park City-Lower Manhattan,45737,1893,1128,2988,911,951,6920,972,389,6009
2015,MN27,Chinatown,44898,1668,1585,1405,3912,3447,8570,NA,3564,4658
2016,MN27,Chinatown,44898,1787,1735,1498,4765,3738,9785,1215,3912,5020
2017,MN27,Chinatown,44898,1832,1336,1574,7276,4429,12018,2233,4765,4742
2018,MN27,Chinatown,44898,1625,1620,1624,5680,6434,10549,-1469,7276,4869
2019,MN27,Chinatown,44898,1713,1721,1800,9666,5192,14900,4351,5680,5234
2015,MN28,Lower East Side,72789,2322,1598,1108,1855,1837,6883,NA,1553,5028
2016,MN28,Lower East Side,72789,2462,1750,1182,1952,2089,7346,463,1855,5394
2017,MN28,Lower East Side,72789,2491,1347,1242,1126,2176,6206,-1140,1952,5080
2018,MN28,Lower East Side,72789,2209,1634,1281,1104,1526,6228,22,1126,5124
2019,MN28,Lower East Side,72789,2329,1736,1420,1791,1530,7276,1048,1104,5485
2015,MN31,Lenox Hill-Roosevelt Island,82051,1154,526,955,136,556,2771,NA,246,2635
2016,MN31,Lenox Hill-Roosevelt Island,82051,1244,570,1018,174,479,3006,235,136,2832
2017,MN31,Lenox Hill-Roosevelt Island,82051,1285,478,1070,146,518,2979,-27,174,2833
2018,MN31,Lenox Hill-Roosevelt Island,82051,1140,542,1104,124,501,2910,-69,146,2786
2019,MN31,Lenox Hill-Roosevelt Island,82051,1202,578,1224,272,502,3276,366,124,3004
2015,MN32,Yorkville,81278,737,449,546,136,380,1868,NA,134,1732
2016,MN32,Yorkville,81278,795,491,582,159,388,2027,159,136,1868
2017,MN32,Yorkville,81278,821,378,611,139,411,1949,-78,159,1810
2018,MN32,Yorkville,81278,728,459,631,163,397,1981,32,139,1818
2019,MN32,Yorkville,81278,768,487,699,159,428,2113,132,163,1954
2015,MN33,East Harlem South,59777,1603,1440,1145,2586,2175,6774,NA,1955,4188
2016,MN33,East Harlem South,59777,1713,1577,1221,3809,2689,8320,1546,2586,4511
2017,MN33,East Harlem South,59777,1752,1214,1283,2367,3672,6616,-1704,3809,4249
2018,MN33,East Harlem South,59777,1554,1472,1323,3757,2532,8106,1490,2367,4349
2019,MN33,East Harlem South,59777,1639,1564,1467,6315,3661,10985,2879,3757,4670
2015,MN34,East Harlem North,61031,2297,1365,1309,4923,4307,9894,NA,4538,4971
2016,MN34,East Harlem North,61031,2437,1494,1396,5274,4627,10601,707,4923,5327
2017,MN34,East Harlem North,61031,2478,1150,1467,5671,4917,10766,165,5274,5095
2018,MN34,East Harlem North,61031,2198,1395,1513,6016,5240,11122,356,5671,5106
2019,MN34,East Harlem North,61031,2318,1482,1678,5362,5541,10840,-282,6016,5478
2015,MN35,Washington Heights North,73523,1674,754,515,807,1773,3750,NA,1461,2943
2016,MN35,Washington Heights North,73523,1792,826,549,1599,1259,4766,1016,807,3167
2017,MN35,Washington Heights North,73523,18283,636,577,1827,1893,21323,16557,1599,19496
2018,MN35,Washington Heights North,73523,16214,771,595,2141,2077,19721,-1602,1827,17580
2019,MN35,Washington Heights North,73523,17098,819,660,2377,2337,20954,1233,2141,18577
2015,MN36,Washington Heights South,92476,1355,1129,645,1853,1663,4982,NA,1367,3129
2016,MN36,Washington Heights South,92476,1451,1236,688,2016,2057,5391,409,1853,3375
2017,MN36,Washington Heights South,92476,14805,951,723,1522,2192,18001,12610,2016,16479
2018,MN36,Washington Heights South,92476,13130,1153,746,1153,1803,16182,-1819,1522,15029
2019,MN36,Washington Heights South,92476,13845,1225,826,1276,1521,17172,990,1153,15896
2015,MN40,Upper East Side-Carnegie Hill,58593,1508,917,1057,798,865,4280,NA,563,3482
2016,MN40,Upper East Side-Carnegie Hill,58593,1626,1004,1127,979,1063,4736,456,798,3757
2017,MN40,Upper East Side-Carnegie Hill,58593,1680,773,1184,816,1216,4453,-283,979,3637
2018,MN40,Upper East Side-Carnegie Hill,58593,1490,937,1222,680,1092,4329,-124,816,3649
2019,MN40,Upper East Side-Carnegie Hill,58593,1571,996,1354,644,1006,4565,236,680,3921
2015,MN50,Stuyvesant Town-Cooper Village,21462,1143,1054,125,45,163,2367,NA,63,2322
2016,MN50,Stuyvesant Town-Cooper Village,21462,1232,1154,133,53,150,2572,205,45,2519
2017,MN50,Stuyvesant Town-Cooper Village,21462,1273,888,140,61,157,2362,-210,53,2301
2018,MN50,Stuyvesant Town-Cooper Village,21462,1129,1077,144,80,165,2430,68,61,2350
2019,MN50,Stuyvesant Town-Cooper Village,21462,1190,1144,160,59,182,2553,123,80,2494
2015,QN01,South Jamaica,41606,2405,494,302,1147,1463,4348,NA,1418,3201
2016,QN01,South Jamaica,41606,2650,444,315,945,1249,4354,6,1147,3409
2017,QN01,South Jamaica,41606,2773,990,318,1099,1089,5180,826,945,4081
2018,QN01,South Jamaica,41606,2459,577,335,1154,1214,4525,-655,1099,3371
2019,QN01,South Jamaica,41606,2594,659,349,1264,1260,4866,341,1154,3602
2015,QN02,Springfield Gardens North,27577,1983,168,191,12328,14087,14670,NA,17191,2342
2016,QN02,Springfield Gardens North,27577,2180,151,200,10703,10220,13234,-1436,12328,2531
2017,QN02,Springfield Gardens North,27577,2277,337,202,11800,8929,14616,1382,10703,2816
2018,QN02,Springfield Gardens North,27577,2020,197,212,9567,9802,11996,-2620,11800,2429
2019,QN02,Springfield Gardens North,27577,2130,225,221,11072,8028,13648,1652,9567,2576
2015,QN03,Springfield Gardens South-Brookville,21900,2523,457,287,580,1232,3847,NA,1152,3267
2016,QN03,Springfield Gardens South-Brookville,21900,2740,411,299,1256,779,4706,859,580,3450
2017,QN03,Springfield Gardens South-Brookville,21900,2843,915,302,510,1317,4570,-136,1256,4060
2018,QN03,Springfield Gardens South-Brookville,21900,2521,534,318,911,726,4284,-286,510,3373
2019,QN03,Springfield Gardens South-Brookville,21900,2658,609,331,964,1047,4562,278,911,3598
2015,QN05,Rosedale,27462,2855,527,165,820,737,4367,NA,450,3547
2016,QN05,Rosedale,27462,3098,474,172,362,1032,4106,-261,820,3744
2017,QN05,Rosedale,27462,3213,1057,174,405,668,4849,743,362,4444
2018,QN05,Rosedale,27462,2850,616,183,378,704,4027,-822,405,3649
2019,QN05,Rosedale,27462,3005,703,190,1026,684,4924,897,378,3898
2015,QN06,Jamaica Estates-Holliswood,26757,2077,427,291,297,455,3092,NA,304,2795
2016,QN06,Jamaica Estates-Holliswood,26757,2256,384,304,540,452,3484,392,297,2944
2017,QN06,Jamaica Estates-Holliswood,26757,2339,856,307,274,646,3776,292,540,3502
2018,QN06,Jamaica Estates-Holliswood,26757,2074,499,323,201,436,3097,-679,274,2896
2019,QN06,Jamaica Estates-Holliswood,26757,2187,569,336,318,381,3410,313,201,3092
2015,QN07,Hollis,21214,1382,633,260,460,605,2735,NA,458,2275
2016,QN07,Hollis,21214,1499,569,272,541,608,2881,146,460,2340
2017,QN07,Hollis,21214,1555,1269,275,919,673,4018,1137,541,3099
2018,QN07,Hollis,21214,1379,740,289,476,976,2884,-1134,919,2408
2019,QN07,Hollis,21214,1454,844,301,689,626,3288,404,476,2599
2015,QN08,St. Albans,54626,2121,276,257,619,1308,3273,NA,1245,2654
2016,QN08,St. Albans,54626,2311,248,269,876,812,3704,431,619,2828
2017,QN08,St. Albans,54626,2404,554,272,925,1017,4155,451,876,3230
2018,QN08,St. Albans,54626,2132,323,286,563,1058,3304,-851,925,2741
2019,QN08,St. Albans,54626,2248,368,298,951,772,3865,561,563,2914
2015,QN10,Breezy Point-Belle Harbor-Rockaway Park-Broad Channel,28243,3937,664,409,456,560,5466,NA,517,5010
2016,QN10,Breezy Point-Belle Harbor-Rockaway Park-Broad Channel,28243,4313,597,427,553,514,5890,424,456,5337
2017,QN10,Breezy Point-Belle Harbor-Rockaway Park-Broad Channel,28243,4483,1330,431,419,592,6663,773,553,6244
2018,QN10,Breezy Point-Belle Harbor-Rockaway Park-Broad Channel,28243,3975,775,454,411,489,5615,-1048,419,5204
2019,QN10,Breezy Point-Belle Harbor-Rockaway Park-Broad Channel,28243,4192,885,473,514,486,6064,449,411,5550
2015,QN12,Hammels-Arverne-Edgemere,39003,1762,659,380,4562,3093,7363,NA,3125,2801
2016,QN12,Hammels-Arverne-Edgemere,39003,1930,592,396,8869,4238,11787,4424,4562,2918
2017,QN12,Hammels-Arverne-Edgemere,39003,2006,1320,401,2641,7664,6368,-5419,8869,3727
2018,QN12,Hammels-Arverne-Edgemere,39003,1779,770,422,4268,2714,7239,871,2641,2971
2019,QN12,Hammels-Arverne-Edgemere,39003,1876,879,439,3254,4011,6448,-791,4268,3194
2015,QN15,Far Rockaway-Bayswater,54264,1108,649,421,5064,3049,7242,NA,3237,2178
2016,QN15,Far Rockaway-Bayswater,54264,1214,583,439,5696,4505,7932,690,5064,2236
2017,QN15,Far Rockaway-Bayswater,54264,1262,1300,444,4896,5009,7902,-30,5696,3006
2018,QN15,Far Rockaway-Bayswater,54264,1119,758,468,7543,4376,9888,1986,4896,2345
2019,QN15,Far Rockaway-Bayswater,54264,1180,865,487,4759,6484,7291,-2597,7543,2532
2015,QN17,Forest Hills,86531,2000,289,319,1007,1049,3615,NA,950,2608
2016,QN17,Forest Hills,86531,2210,260,333,1066,1097,3869,254,1007,2803
2017,QN17,Forest Hills,86531,2316,579,337,935,1145,4167,298,1066,3232
2018,QN17,Forest Hills,86531,2054,338,354,1238,1044,3984,-183,935,2746
2019,QN17,Forest Hills,86531,2166,385,369,1575,1286,4495,511,1238,2920
2015,QN18,Rego Park,28106,2120,307,205,227,618,2859,NA,337,2632
2016,QN18,Rego Park,28106,2343,276,214,210,532,3043,184,227,2833
2017,QN18,Rego Park,28106,2456,616,217,211,519,3500,457,210,3289
2018,QN18,Rego Park,28106,2178,359,228,198,522,2963,-537,211,2765
2019,QN18,Rego Park,28106,2297,410,237,162,513,3106,143,198,2944
2015,QN19,Glendale,34029,2441,213,162,304,461,3120,NA,326,2816
2016,QN19,Glendale,34029,2732,192,169,262,445,3355,235,304,3093
2017,QN19,Glendale,34029,2891,427,171,390,412,3879,524,262,3489
2018,QN19,Glendale,34029,2564,249,180,237,515,3230,-649,390,2993
2019,QN19,Glendale,34029,2704,284,188,219,395,3395,165,237,3176
2015,QN20,Ridgewood,72964,1907,160,210,1068,1814,3345,NA,1870,2277
2016,QN20,Ridgewood,72964,2136,144,219,1575,1178,4074,729,1068,2499
2017,QN20,Ridgewood,72964,2262,320,221,1862,1582,4665,591,1575,2803
2018,QN20,Ridgewood,72964,2006,187,233,1239,1812,3665,-1000,1862,2426
2019,QN20,Ridgewood,72964,2115,213,243,957,1318,3528,-137,1239,2571
2015,QN21,Middle Village,38033,4180,350,119,176,214,4825,NA,195,4649
2016,QN21,Middle Village,38033,4682,315,124,188,200,5309,484,176,5121
2017,QN21,Middle Village,38033,4958,702,125,182,210,5967,658,188,5785
2018,QN21,Middle Village,38033,4397,409,132,135,206,5073,-894,182,4938
2019,QN21,Middle Village,38033,4636,467,137,183,170,5423,350,135,5240
2015,QN22,Flushing,70697,838,130,351,1896,2272,3215,NA,2286,1319
2016,QN22,Flushing,70697,923,117,367,1563,1964,2970,-245,1896,1407
2017,QN22,Flushing,70697,979,260,371,2720,1700,4330,1360,1563,1610
2018,QN22,Flushing,70697,868,151,390,1933,2623,3342,-988,2720,1409
2019,QN22,Flushing,70697,916,173,406,1521,1999,3016,-326,1933,1495
2015,QN23,College Point,25875,3103,473,378,276,546,4230,NA,338,3954
2016,QN23,College Point,25875,3417,425,395,936,500,5173,943,276,4237
2017,QN23,College Point,25875,3625,947,399,369,1025,5340,167,936,4971
2018,QN23,College Point,25875,3215,552,420,604,577,4791,-549,369,4187
2019,QN23,College Point,25875,3390,630,437,983,767,5440,649,604,4457
2015,QN25,Corona,58626,947,173,90,412,756,1622,NA,375,1210
2016,QN25,Corona,58626,1060,155,94,317,786,1626,4,412,1309
2017,QN25,Corona,58626,1122,346,95,460,711,2023,397,317,1563
2018,QN25,Corona,58626,995,202,100,581,825,1878,-145,460,1297
2019,QN25,Corona,58626,1049,230,104,372,922,1755,-123,581,1383
2015,QN26,North Corona,54677,892,177,161,1096,1221,2326,NA,1252,1230
2016,QN26,North Corona,54677,995,159,168,933,1098,2255,-71,1096,1322
2017,QN26,North Corona,54677,1050,355,170,714,969,2289,34,933,1575
2018,QN26,North Corona,54677,931,207,178,714,796,2030,-259,714,1316
2019,QN26,North Corona,54677,982,236,186,938,797,2342,312,714,1404
2015,QN27,East Elmhurst,21760,2270,500,277,1164,996,4211,NA,961,3047
2016,QN27,East Elmhurst,21760,2479,449,289,779,1160,3996,-215,1164,3217
2017,QN27,East Elmhurst,21760,2578,1002,292,840,854,4712,716,779,3872
2018,QN27,East Elmhurst,21760,2287,584,308,761,905,3940,-772,840,3179
2019,QN27,East Elmhurst,21760,2411,667,320,792,844,4190,250,761,3398
2015,QN28,Jackson Heights,104125,1144,253,190,2490,2299,4077,NA,2684,1587
2016,QN28,Jackson Heights,104125,1248,228,199,2850,2147,4525,448,2490,1675
2017,QN28,Jackson Heights,104125,1296,507,201,3069,2433,5073,548,2850,2004
2018,QN28,Jackson Heights,104125,1149,296,212,2055,2610,3712,-1361,3069,1657
2019,QN28,Jackson Heights,104125,1212,338,220,2043,1804,3813,101,2055,1770
2015,QN29,Elmhurst,83663,1077,193,225,1419,1980,2914,NA,2037,1495
2016,QN29,Elmhurst,83663,1207,174,235,1915,1490,3531,617,1419,1616
2017,QN29,Elmhurst,83663,1278,388,237,1743,1885,3646,115,1915,1903
2018,QN29,Elmhurst,83663,1133,226,250,1628,1750,3237,-409,1743,1609
2019,QN29,Elmhurst,83663,1195,258,260,1592,1660,3305,68,1628,1713
2015,QN30,Maspeth,29111,3374,283,285,950,437,4892,NA,410,3942
2016,QN30,Maspeth,29111,3779,254,297,537,868,4867,-25,950,4330
2017,QN30,Maspeth,29111,4001,567,300,304,540,5172,305,537,4868
2018,QN30,Maspeth,29111,3549,330,316,306,357,4501,-671,304,4195
2019,QN30,Maspeth,29111,3742,377,329,276,361,4724,223,306,4448
2015,QN31,Hunters Point-Sunnyside-West Maspeth,66926,3989,436,638,1640,1786,6703,NA,1898,5063
2016,QN31,Hunters Point-Sunnyside-West Maspeth,66926,4405,392,666,1031,1585,6494,-209,1640,5463
2017,QN31,Hunters Point-Sunnyside-West Maspeth,66926,4618,873,673,1309,1102,7473,979,1031,6164
2018,QN31,Hunters Point-Sunnyside-West Maspeth,66926,4095,509,708,1401,1328,6713,-760,1309,5312
2019,QN31,Hunters Point-Sunnyside-West Maspeth,66926,4318,581,737,1594,1407,7230,517,1401,5636
2015,QN33,Cambria Heights,19546,2168,403,141,363,902,3075,NA,935,2712
2016,QN33,Cambria Heights,19546,2351,363,147,490,448,3351,276,363,2861
2017,QN33,Cambria Heights,19546,2438,808,149,795,549,4190,839,490,3395
2018,QN33,Cambria Heights,19546,2163,471,157,399,793,3190,-1000,795,2791
2019,QN33,Cambria Heights,19546,2280,538,163,311,479,3292,102,399,2981
2015,QN34,Queens Village,54732,1629,300,206,4405,2014,6540,NA,2485,2135
2016,QN34,Queens Village,54732,1766,270,215,2543,3542,4794,-1746,4405,2251
2017,QN34,Queens Village,54732,1832,601,218,3417,2062,6068,1274,2543,2651
2018,QN34,Queens Village,54732,1625,351,229,4265,2759,6470,402,3417,2205
2019,QN34,Queens Village,54732,1713,400,239,2474,3435,4826,-1644,4265,2352
2015,QN35,Briarwood-Jamaica Hills,42224,1953,195,357,720,709,3225,NA,520,2505
2016,QN35,Briarwood-Jamaica Hills,42224,2156,176,372,448,870,3152,-73,720,2704
2017,QN35,Briarwood-Jamaica Hills,42224,2258,392,376,361,655,3387,235,448,3026
2018,QN35,Briarwood-Jamaica Hills,42224,2003,228,396,433,589,3060,-327,361,2627
2019,QN35,Briarwood-Jamaica Hills,42224,2112,261,412,631,648,3416,356,433,2785
2015,QN37,Kew Gardens Hills,38404,1674,250,183,256,462,2363,NA,271,2107
2016,QN37,Kew Gardens Hills,38404,1844,225,191,272,451,2532,169,256,2260
2017,QN37,Kew Gardens Hills,38404,1953,501,193,243,464,2890,358,272,2647
2018,QN37,Kew Gardens Hills,38404,1732,292,203,190,443,2417,-473,243,2227
2019,QN37,Kew Gardens Hills,38404,1827,334,212,183,402,2556,139,190,2373
2015,QN38,Pomonok-Flushing Heights-Hillcrest,36416,1593,270,262,2167,1434,4292,NA,1519,2125
2016,QN38,Pomonok-Flushing Heights-Hillcrest,36416,1745,243,273,3179,1950,5440,1148,2167,2261
2017,QN38,Pomonok-Flushing Heights-Hillcrest,36416,1831,542,276,3339,2756,5988,548,3179,2649
2018,QN38,Pomonok-Flushing Heights-Hillcrest,36416,1623,316,291,2609,2886,4839,-1149,3339,2230
2019,QN38,Pomonok-Flushing Heights-Hillcrest,36416,1712,361,303,3382,2307,5758,919,2609,2376
2015,QN41,Fresh Meadows-Utopia,18700,1980,377,148,177,397,2682,NA,158,2505
2016,QN41,Fresh Meadows-Utopia,18700,2157,339,154,66,413,2716,34,177,2650
2017,QN41,Fresh Meadows-Utopia,18700,2236,755,156,639,324,3786,1070,66,3147
2018,QN41,Fresh Meadows-Utopia,18700,1983,440,164,124,782,2711,-1075,639,2587
2019,QN41,Fresh Meadows-Utopia,18700,2091,502,171,606,373,3370,659,124,2764
2015,QN42,Oakland Gardens,28669,2372,280,149,85,714,2886,NA,718,2801
2016,QN42,Oakland Gardens,28669,2584,252,155,134,211,3125,239,85,2991
2017,QN42,Oakland Gardens,28669,2678,561,157,125,250,3521,396,134,3396
2018,QN42,Oakland Gardens,28669,2375,327,165,133,244,3000,-521,125,2867
2019,QN42,Oakland Gardens,28669,2505,373,172,124,252,3174,174,133,3050
2015,QN43,Bellerose,26916,2721,489,401,265,256,3876,NA,299,3611
2016,QN43,Bellerose,26916,2963,440,419,165,232,3987,111,265,3822
2017,QN43,Bellerose,26916,3071,980,423,566,153,5040,1053,165,4474
2018,QN43,Bellerose,26916,2724,571,445,282,475,4022,-1018,566,3740
2019,QN43,Bellerose,26916,2872,652,464,299,252,4287,265,282,3988
2015,QN44,Glen Oaks-Floral Park-New Hyde Park,23344,2608,467,226,168,347,3469,NA,445,3301
2016,QN44,Glen Oaks-Floral Park-New Hyde Park,23344,2842,420,236,193,128,3691,222,168,3498
2017,QN44,Glen Oaks-Floral Park-New Hyde Park,23344,2945,935,238,209,148,4327,636,193,4118
2018,QN44,Glen Oaks-Floral Park-New Hyde Park,23344,2612,545,251,137,163,3545,-782,209,3408
2019,QN44,Glen Oaks-Floral Park-New Hyde Park,23344,2754,622,261,178,108,3815,270,137,3637
2015,QN45,Douglas Manor-Douglaston-Little Neck,25738,3544,418,371,124,156,4457,NA,175,4333
2016,QN45,Douglas Manor-Douglaston-Little Neck,25738,3861,376,387,109,118,4733,276,124,4624
2017,QN45,Douglas Manor-Douglaston-Little Neck,25738,4001,838,391,106,106,5336,603,109,5230
2018,QN45,Douglas Manor-Douglaston-Little Neck,25738,3549,489,412,110,108,4560,-776,106,4450
2019,QN45,Douglas Manor-Douglaston-Little Neck,25738,3742,558,428,195,114,4923,363,110,4728
2015,QN46,Bayside-Bayside Hills,44864,2406,284,173,846,665,3709,NA,644,2863
2016,QN46,Bayside-Bayside Hills,44864,2622,255,181,667,827,3725,16,846,3058
2017,QN46,Bayside-Bayside Hills,44864,2718,569,183,388,685,3858,133,667,3470
2018,QN46,Bayside-Bayside Hills,44864,2411,332,193,385,465,3321,-537,388,2936
2019,QN46,Bayside-Bayside Hills,44864,2542,379,201,1352,464,4474,1153,385,3122
2015,QN47,Ft. Totten-Bay Terrace-Clearview,21945,3309,502,229,103,225,4143,NA,98,4040
2016,QN47,Ft. Totten-Bay Terrace-Clearview,21945,3641,451,239,483,231,4814,671,103,4331
2017,QN47,Ft. Totten-Bay Terrace-Clearview,21945,3857,1006,241,84,534,5188,374,483,5104
2018,QN47,Ft. Totten-Bay Terrace-Clearview,21945,3421,586,254,65,218,4326,-862,84,4261
2019,QN47,Ft. Totten-Bay Terrace-Clearview,21945,3607,669,264,101,205,4641,315,65,4540
2015,QN48,Auburndale,20609,2341,268,231,209,311,3049,NA,195,2840
2016,QN48,Auburndale,20609,2561,241,242,159,324,3203,154,209,3044
2017,QN48,Auburndale,20609,2676,536,244,118,284,3574,371,159,3456
2018,QN48,Auburndale,20609,2373,313,257,90,254,3033,-541,118,2943
2019,QN48,Auburndale,20609,2502,357,268,171,233,3298,265,90,3127
2015,QN49,Whitestone,31090,3527,537,145,141,235,4350,NA,237,4209
2016,QN49,Whitestone,31090,3884,483,152,172,160,4691,341,141,4519
2017,QN49,Whitestone,31090,4121,1076,153,201,184,5551,860,172,5350
2018,QN49,Whitestone,31090,3654,627,161,153,209,4595,-956,201,4442
2019,QN49,Whitestone,31090,3854,716,168,194,172,4932,337,153,4738
2015,QN50,Elmhurst-Maspeth,26460,2281,316,294,306,499,3197,NA,407,2891
2016,QN50,Elmhurst-Maspeth,26460,2553,284,307,317,421,3461,264,306,3144
2017,QN50,Elmhurst-Maspeth,26460,2703,634,310,303,430,3950,489,317,3647
2018,QN50,Elmhurst-Maspeth,26460,2397,369,327,294,421,3387,-563,303,3093
2019,QN50,Elmhurst-Maspeth,26460,2527,422,340,319,417,3608,221,294,3289
2015,QN51,Murray Hill,52659,1579,240,143,244,476,2206,NA,323,1962
2016,QN51,Murray Hill,52659,1738,215,149,323,414,2425,219,244,2102
2017,QN51,Murray Hill,52659,1844,480,151,281,477,2756,331,323,2475
2018,QN51,Murray Hill,52659,1635,280,159,435,445,2509,-247,281,2074
2019,QN51,Murray Hill,52659,1724,319,165,244,568,2452,-57,435,2208
2015,QN52,East Flushing,26436,1786,269,218,255,1006,2528,NA,1056,2273
2016,QN52,East Flushing,26436,1967,242,228,327,371,2764,236,255,2437
2017,QN52,East Flushing,26436,2086,539,230,613,429,3468,704,327,2855
2018,QN52,East Flushing,26436,1850,314,243,241,657,2648,-820,613,2407
2019,QN52,East Flushing,26436,1951,359,252,272,364,2834,186,241,2562
2015,QN53,Woodhaven,62821,678,247,116,511,615,1552,NA,481,1041
2016,QN53,Woodhaven,62821,744,222,121,443,640,1530,-22,511,1087
2017,QN53,Woodhaven,62821,774,495,122,452,585,1843,313,443,1391
2018,QN53,Woodhaven,62821,687,288,129,301,594,1405,-438,452,1104
2019,QN53,Woodhaven,62821,724,329,134,411,474,1598,193,301,1187
2015,QN54,Richmond Hill,68275,1326,312,250,4833,3571,6721,NA,4230,1888
2016,QN54,Richmond Hill,68275,1460,280,261,6256,4052,8257,1536,4833,2001
2017,QN54,Richmond Hill,68275,1525,625,264,5232,5184,7646,-611,6256,2414
2018,QN54,Richmond Hill,68275,1352,364,278,6756,4372,8750,1104,5232,1994
2019,QN54,Richmond Hill,68275,1426,416,289,2375,5586,4506,-4244,6756,2131
2015,QN55,South Ozone Park,85411,1306,335,132,616,673,2389,NA,755,1773
2016,QN55,South Ozone Park,85411,1435,301,138,731,564,2605,216,616,1874
2017,QN55,South Ozone Park,85411,1494,671,140,616,656,2921,316,731,2305
2018,QN55,South Ozone Park,85411,1325,391,147,694,565,2557,-364,616,1863
2019,QN55,South Ozone Park,85411,1398,447,153,525,628,2523,-34,694,1998
2015,QN56,Ozone Park,23415,1187,373,225,455,547,2240,NA,557,1785
2016,QN56,Ozone Park,23415,1301,336,235,507,468,2379,139,455,1872
2017,QN56,Ozone Park,23415,1352,748,238,404,509,2742,363,507,2338
2018,QN56,Ozone Park,23415,1199,436,250,455,430,2340,-402,404,1885
2019,QN56,Ozone Park,23415,1264,498,260,821,472,2843,503,455,2022
2015,QN57,Lindenwood-Howard Beach,28247,2539,794,178,271,299,3782,NA,264,3511
2016,QN57,Lindenwood-Howard Beach,28247,2782,715,186,160,305,3843,61,271,3683
2017,QN57,Lindenwood-Howard Beach,28247,2891,1588,188,239,218,4906,1063,160,4667
2018,QN57,Lindenwood-Howard Beach,28247,2564,928,197,185,282,3874,-1032,239,3689
2019,QN57,Lindenwood-Howard Beach,28247,2704,1058,205,255,240,4222,348,185,3967
2015,QN60,Kew Gardens,23719,2305,361,265,5382,3266,8313,NA,3792,2931
2016,QN60,Kew Gardens,23719,2545,325,276,799,4532,3945,-4368,5382,3146
2017,QN60,Kew Gardens,23719,2666,724,279,724,888,4393,448,799,3669
2018,QN60,Kew Gardens,23719,2364,422,294,743,831,3823,-570,724,3080
2019,QN60,Kew Gardens,23719,2493,482,306,1837,848,5118,1295,743,3281
2015,QN61,Jamaica,55597,1920,564,921,5635,5069,9040,NA,5815,3405
2016,QN61,Jamaica,55597,2112,507,962,6909,4932,10490,1450,5635,3581
2017,QN61,Jamaica,55597,2208,1129,972,4515,5946,8824,-1666,6909,4309
2018,QN61,Jamaica,55597,1958,658,1023,6282,4051,9921,1097,4515,3639
2019,QN61,Jamaica,55597,2065,751,1065,4504,5463,8385,-1536,6282,3881
2015,QN62,Queensboro Hill,21460,1963,300,140,270,412,2673,NA,372,2403
2016,QN62,Queensboro Hill,21460,2162,269,147,645,332,3223,550,270,2578
2017,QN62,Queensboro Hill,21460,2294,600,148,321,631,3363,140,645,3042
2018,QN62,Queensboro Hill,21460,2034,350,156,2382,375,4922,1559,321,2540
2019,QN62,Queensboro Hill,21460,2145,400,162,1217,2015,3924,-998,2382,2707
2015,QN63,Woodside,45702,1554,192,313,725,841,2784,NA,810,2059
2016,QN63,Woodside,45702,1699,173,327,521,775,2720,-64,725,2199
2017,QN63,Woodside,45702,1769,386,330,703,613,3188,468,521,2485
2018,QN63,Woodside,45702,1568,225,348,670,762,2811,-377,703,2141
2019,QN63,Woodside,45702,1654,257,362,374,737,2647,-164,670,2273
2015,QN66,Laurelton,26924,1892,349,140,529,1323,2910,NA,1468,2381
2016,QN66,Laurelton,26924,2052,314,146,591,577,3103,193,529,2512
2017,QN66,Laurelton,26924,2129,699,148,416,627,3392,289,591,2976
2018,QN66,Laurelton,26924,1888,407,155,407,489,2857,-535,416,2450
2019,QN66,Laurelton,26924,1991,465,162,310,483,2928,71,407,2618
2015,QN68,Queensbridge-Ravenswood-Long Island City,18927,3043,475,875,1942,1975,6335,NA,1683,4393
2016,QN68,Queensbridge-Ravenswood-Long Island City,18927,3311,427,914,1169,2187,5821,-514,1942,4652
2017,QN68,Queensbridge-Ravenswood-Long Island City,18927,3434,951,924,1204,1573,6513,692,1169,5309
2018,QN68,Queensbridge-Ravenswood-Long Island City,18927,3045,554,972,1236,1609,5807,-706,1204,4571
2019,QN68,Queensbridge-Ravenswood-Long Island City,18927,3211,633,1012,958,1641,5814,7,1236,4856
2015,QN70,Astoria,77252,1258,197,224,574,735,2253,NA,626,1679
2016,QN70,Astoria,77252,1369,177,234,635,696,2415,162,574,1780
2017,QN70,Astoria,77252,1419,395,237,593,744,2644,229,635,2051
2018,QN70,Astoria,77252,1259,230,249,625,713,2363,-281,593,1738
2019,QN70,Astoria,77252,1327,263,259,444,740,2293,-70,625,1849
2015,QN71,Old Astoria,28110,1373,215,420,467,1242,2475,NA,1152,2008
2016,QN71,Old Astoria,28110,1494,194,438,585,700,2711,236,467,2126
2017,QN71,Old Astoria,28110,1549,431,443,456,795,2879,168,585,2423
2018,QN71,Old Astoria,28110,1374,251,466,385,696,2476,-403,456,2091
2019,QN71,Old Astoria,28110,1449,287,485,406,643,2627,151,385,2221
2015,QN72,Steinway,48179,2960,465,250,3826,3326,7501,NA,3859,3675
2016,QN72,Steinway,48179,3221,418,261,2919,3301,6819,-682,3826,3900
2017,QN72,Steinway,48179,3340,931,264,2193,2581,6728,-91,2919,4535
2018,QN72,Steinway,48179,2962,543,278,4101,2005,7884,1156,2193,3783
2019,QN72,Steinway,48179,3124,620,289,3333,3524,7366,-518,4101,4033
2015,QN76,Baisley Park,39079,1805,184,206,1775,2026,3970,NA,2291,2195
2016,QN76,Baisley Park,39079,1986,165,215,1089,1617,3455,-515,1775,2366
2017,QN76,Baisley Park,39079,2072,369,217,856,1072,3514,59,1089,2658
2018,QN76,Baisley Park,39079,1838,215,228,1031,888,3312,-202,856,2281
2019,QN76,Baisley Park,39079,1938,245,238,1210,1029,3631,319,1031,2421
2015,SI01,Annadale-Huguenot-Prince's Bay-Eltingville,28698,3957,297,327,491,196,5072,NA,182,4581
2016,SI01,Annadale-Huguenot-Prince's Bay-Eltingville,28698,4377,249,343,169,445,5138,66,491,4969
2017,SI01,Annadale-Huguenot-Prince's Bay-Eltingville,28698,4580,251,343,175,188,5349,211,169,5174
2018,SI01,Annadale-Huguenot-Prince's Bay-Eltingville,28698,4061,374,344,147,193,4926,-423,175,4779
2019,SI01,Annadale-Huguenot-Prince's Bay-Eltingville,28698,4283,387,622,166,216,5458,532,147,5292
2015,SI05,New Springville-Bloomfield-Travis,40907,6086,612,333,230,275,7261,NA,267,7031
2016,SI05,New Springville-Bloomfield-Travis,40907,6731,512,349,208,248,7800,539,230,7592
2017,SI05,New Springville-Bloomfield-Travis,40907,7043,517,349,272,231,8181,381,208,7909
2018,SI05,New Springville-Bloomfield-Travis,40907,6246,770,349,211,282,7576,-605,272,7365
2019,SI05,New Springville-Bloomfield-Travis,40907,6586,797,632,219,278,8234,658,211,8015
2015,SI07,Westerleigh,24131,2113,510,64,164,142,2851,NA,219,2687
2016,SI07,Westerleigh,24131,2337,427,67,165,99,2996,145,164,2831
2017,SI07,Westerleigh,24131,2446,431,67,192,100,3136,140,165,2944
2018,SI07,Westerleigh,24131,2169,642,67,107,121,2985,-151,192,2878
2019,SI07,Westerleigh,24131,2287,665,121,161,62,3234,249,107,3073
2015,SI08,Grymes Hill-Clifton-Fox Hills,21636,1407,452,160,396,551,2415,NA,517,2019
2016,SI08,Grymes Hill-Clifton-Fox Hills,21636,1556,378,167,316,456,2417,2,396,2101
2017,SI08,Grymes Hill-Clifton-Fox Hills,21636,1628,382,167,375,392,2552,135,316,2177
2018,SI08,Grymes Hill-Clifton-Fox Hills,21636,1444,569,167,467,439,2647,95,375,2180
2019,SI08,Grymes Hill-Clifton-Fox Hills,21636,1522,589,303,1108,534,3522,875,467,2414
2015,SI11,Charleston-Richmond Valley-Tottenville,24794,4730,355,348,647,654,6080,NA,900,5433
2016,SI11,Charleston-Richmond Valley-Tottenville,24794,5231,297,365,882,456,6775,695,647,5893
2017,SI11,Charleston-Richmond Valley-Tottenville,24794,5474,300,365,843,643,6982,207,882,6139
2018,SI11,Charleston-Richmond Valley-Tottenville,24794,4854,447,365,537,612,6203,-779,843,5666
2019,SI11,Charleston-Richmond Valley-Tottenville,24794,5119,463,661,883,415,7126,923,537,6243
2015,SI12,Mariner's Harbor-Arlington-Port Ivory-Graniteville,29956,2409,238,423,2378,5250,5448,NA,6306,3070
2016,SI12,Mariner's Harbor-Arlington-Port Ivory-Graniteville,29956,2665,199,443,5908,2129,9215,3767,2378,3307
2017,SI12,Mariner's Harbor-Arlington-Port Ivory-Graniteville,29956,2788,201,443,3017,4937,6449,-2766,5908,3432
2018,SI12,Mariner's Harbor-Arlington-Port Ivory-Graniteville,29956,2472,300,444,3475,2638,6691,242,3017,3216
2019,SI12,Mariner's Harbor-Arlington-Port Ivory-Graniteville,29956,2607,311,803,3160,3059,6881,190,3475,3721
2015,SI14,Grasmere-Arrochar-Ft. Wadsworth,15896,2075,262,205,346,353,2888,NA,268,2542
2016,SI14,Grasmere-Arrochar-Ft. Wadsworth,15896,2295,219,215,359,416,3088,200,346,2729
2017,SI14,Grasmere-Arrochar-Ft. Wadsworth,15896,2402,221,215,422,427,3260,172,359,2838
2018,SI14,Grasmere-Arrochar-Ft. Wadsworth,15896,2130,329,215,1100,477,3774,514,422,2674
2019,SI14,Grasmere-Arrochar-Ft. Wadsworth,15896,2246,341,390,336,1044,3313,-461,1100,2977
2015,SI22,West New Brighton-New Brighton-St. George,33175,1362,437,896,8385,5812,11080,NA,6685,2695
2016,SI22,West New Brighton-New Brighton-St. George,33175,1506,366,939,8179,7170,10990,-90,8385,2811
2017,SI22,West New Brighton-New Brighton-St. George,33175,1576,370,939,6265,7007,9150,-1840,8179,2885
2018,SI22,West New Brighton-New Brighton-St. George,33175,1398,550,941,8754,5485,11643,2493,6265,2889
2019,SI22,West New Brighton-New Brighton-St. George,33175,1474,570,1702,8597,7585,12343,700,8754,3746
2015,SI24,Todt Hill-Emerson Hill-Heartland Village-Lighthouse Hill,32276,4588,469,261,285,273,5603,NA,254,5318
2016,SI24,Todt Hill-Emerson Hill-Heartland Village-Lighthouse Hill,32276,5075,393,274,212,300,5954,351,285,5742
2017,SI24,Todt Hill-Emerson Hill-Heartland Village-Lighthouse Hill,32276,5310,397,274,179,241,6160,206,212,5981
2018,SI24,Todt Hill-Emerson Hill-Heartland Village-Lighthouse Hill,32276,4709,591,274,199,215,5773,-387,179,5574
2019,SI24,Todt Hill-Emerson Hill-Heartland Village-Lighthouse Hill,32276,4966,612,497,216,266,6291,518,199,6075
2015,SI25,Oakwood-Oakwood Beach,20618,2186,225,74,124,149,2609,NA,150,2485
2016,SI25,Oakwood-Oakwood Beach,20618,2418,188,78,194,129,2878,269,124,2684
2017,SI25,Oakwood-Oakwood Beach,20618,2530,190,78,147,184,2945,67,194,2798
2018,SI25,Oakwood-Oakwood Beach,20618,2244,283,78,227,147,2832,-113,147,2605
2019,SI25,Oakwood-Oakwood Beach,20618,2366,293,141,120,220,2920,88,227,2800
2015,SI28,Port Richmond,19141,1534,153,621,1080,1525,3388,NA,1823,2308
2016,SI28,Port Richmond,19141,1697,128,651,1117,939,3593,205,1080,2476
2017,SI28,Port Richmond,19141,1775,129,651,1274,968,3829,236,1117,2555
2018,SI28,Port Richmond,19141,1574,192,652,546,1094,2964,-865,1274,2418
2019,SI28,Port Richmond,19141,1660,199,1180,678,598,3717,753,546,3039
2015,SI32,Rossville-Woodrow,21397,2445,184,63,129,108,2821,NA,181,2692
2016,SI32,Rossville-Woodrow,21397,2704,154,66,87,67,3011,190,129,2924
2017,SI32,Rossville-Woodrow,21397,2829,155,66,126,34,3176,165,87,3050
2018,SI32,Rossville-Woodrow,21397,2509,231,66,128,65,2934,-242,126,2806
2019,SI32,Rossville-Woodrow,21397,2646,239,119,114,74,3118,184,128,3004
2015,SI35,New Brighton-Silver Lake,18083,2102,675,467,434,1249,3678,NA,1398,3244
2016,SI35,New Brighton-Silver Lake,18083,2325,565,489,1409,486,4788,1110,434,3379
2017,SI35,New Brighton-Silver Lake,18083,2432,571,489,495,1261,3987,-801,1409,3492
2018,SI35,New Brighton-Silver Lake,18083,2157,849,490,498,535,3994,7,495,3496
2019,SI35,New Brighton-Silver Lake,18083,2275,880,887,784,601,4826,832,498,4042
2015,SI36,Old Town-Dongan Hills-South Beach,24927,2166,223,385,368,800,3142,NA,962,2774
2016,SI36,Old Town-Dongan Hills-South Beach,24927,2396,187,403,340,330,3326,184,368,2986
2017,SI36,Old Town-Dongan Hills-South Beach,24927,2507,189,403,241,308,3340,14,340,3099
2018,SI36,Old Town-Dongan Hills-South Beach,24927,2223,281,404,576,229,3484,144,241,2908
2019,SI36,Old Town-Dongan Hills-South Beach,24927,2344,291,731,211,547,3577,93,576,3366
2015,SI37,Stapleton-Rosebank,26247,1426,458,650,1456,980,3990,NA,853,2534
2016,SI37,Stapleton-Rosebank,26247,1577,383,681,955,1465,3596,-394,1456,2641
2017,SI37,Stapleton-Rosebank,26247,1650,387,681,1536,1066,4254,658,955,2718
2018,SI37,Stapleton-Rosebank,26247,1463,576,683,1185,1529,3907,-347,1536,2722
2019,SI37,Stapleton-Rosebank,26247,1543,597,1235,2844,1337,6219,2312,1185,3375
2015,SI45,New Dorp-Midland Beach,21358,2091,215,135,1764,1261,4205,NA,1516,2441
2016,SI45,New Dorp-Midland Beach,21358,2312,180,141,2084,1459,4717,512,1764,2633
2017,SI45,New Dorp-Midland Beach,21358,2420,182,141,1227,1713,3970,-747,2084,2743
2018,SI45,New Dorp-Midland Beach,21358,2146,271,141,1527,1032,4085,115,1227,2558
2019,SI45,New Dorp-Midland Beach,21358,2263,281,256,3169,1288,5969,1884,1527,2800
2015,SI54,Great Kills,43602,1655,169,92,173,56,2089,NA,131,1916
2016,SI54,Great Kills,43602,1831,142,97,115,91,2185,96,173,2070
2017,SI54,Great Kills,43602,1915,143,97,137,45,2292,107,115,2155
2018,SI54,Great Kills,43602,1699,213,97,123,62,2132,-160,137,2009
2019,SI54,Great Kills,43602,1791,221,175,201,64,2388,256,123,2187
